{
  "name": "PS5_Sounds",
  "author": "theamanproject",
  "version": "v1.0",
  "manifest_version": 1,
  "music": false,
  "ignore": [
    "bumper_end.wav",
    "confirmation_negative.wav",
    "confirmation_positive.wav",
    "deck_ui_bumper_end_02.wav",
    "deck_ui_message_toast.wav",
    "deck_ui_misc_01.wav",
    "deck_ui_misc_08.wav",
    "deck_ui_slider_down.wav",
    "deck_ui_slider_up.wav",
    "deck_ui_switch_toggle_off.wav",
    "deck_ui_switch_toggle_on.wav",
    "deck_ui_tab_transition_01.wav",
    "deck_ui_tile_scroll.wav",
    "deck_ui_toast.wav",
    "deck_ui_typing.wav",
    "deck_ui_volume.wav",
    "pop_sound.wav",
    "steam_at_mention.m4a",
    "steam_chatroom_notification.m4a",
    "ui_steam_message_old_smooth.m4a",
    "ui_steam_smoother_friend_join.m4a",
    "ui_steam_smoother_friend_online.m4a"
  ],
  "id": "c9e78ffc-c400-403f-b438-b72fe04b9b5a"
}